model_name,Delayed_precision,Delayed_recall,Delayed_f1-score,Delayed_support,Not Delayed_precision,Not Delayed_recall,Not Delayed_f1-score,Not Delayed_support,accuracy,macro avg_precision,macro avg_recall,macro avg_f1-score,macro avg_support,weighted avg_precision,weighted avg_recall,weighted avg_f1-score,weighted avg_support,confusion_matrix_tn,confusion_matrix_fp,confusion_matrix_fn,confusion_matrix_tp,
Extra Trees,0.7331420952688781,0.6493794643496185,0.688723323,139718,0.801292322,0.85676801,0.8281021079305726,230570,0.7785156418787539,0.767217209,0.7530737370323362,0.7584127153119897,370288,0.7755777068983113,0.7785156418787539,0.7755113539343148,370288,90730,48988,33025,197545,
Logistic Regression,0.8801770643000087,0.5792167079402797,0.6986644335281574,139718,0.7887829448452275,0.9522184152318168,0.8628294761000876,230570,0.8114764723674546,0.8344800045726182,0.7657175615860483,0.7807469548141226,370288,0.8232680039937366,0.8114764723674546,0.800886309,370288,80927,58791,11017,219553,
Random Forest,0.7732747590207285,0.6488140397085558,0.7055980198328067,139718,0.806103739,0.8847248124213904,0.8435863928473951,230570,0.7957103659853951,0.7896892490422502,0.7667694260649731,0.774592206,370288,0.7937166256988939,0.7957103659853951,0.7915202726899709,370288,90651,49067,26579,203991,
XGBoost,0.8695766721817665,0.590582459,0.7034256997813383,139718,0.7922889501338068,0.9463243266686906,0.8624831263699015,230570,0.8120949099079635,0.8309328111577867,0.7684533928108623,0.7829544130756199,370288,0.8214513479136345,0.8120949099079635,0.8024671778970888,370288,82515,57203,12376,218194,
Decision Tree,0.8658602654664416,0.5948195651240356,0.7051930420025456,139718,0.7936209926140879,0.9441601249078371,0.8623701661398047,230570,0.8123460657650261,0.8297406290402647,0.7694898450159363,0.7837816040711751,370288,0.8208784968388674,0.8123460657650261,0.8030636981197512,370288,83107,56611,12875,217695,
