model_name,Accuracy,Precision,F1-Score,Recall,True Positives,True Negatives,False Positives,False Negatives
Logistic Model,0.8962348226245517,0.7392126757968434,0.7580248002065634,0.777819422545041,60183,271682,21232,17191
Decision Tree Model,0.909456963228622,0.8197010572366022,0.7702827700087017,0.7264843487476413,56211,280550,12364,21163
Extra Trees Model,0.9000993821025796,0.7812665422227175,0.751997854652722,0.7248429705068886,56084,277212,15702,21290
Random Forests Model,0.9013308559823705,0.7719994671639803,0.760331662774527,0.7490112957841135,57954,275798,17116,19420
XGBoost Model,0.8986005487620446,0.750481126023572,0.7606565737051793,0.7711117429627523,59664,273077,19837,17710
